t,spot,bid,ask,mark,oracle,deskBid,deskAsk,lean,dislocationBps,mapBelowNtl,mapAboveNtl,forcedSellNtl,forcedBuyNtl,baseDesk,quoteDesk,baseControl,quoteControl,pnlDeskBps,pnlControlBps,absorbedDeskNtl,absorbedControlNtl,arbDeskNtl,arbControlNtl,markoutDesk5mBps,markoutDesk15mBps,markoutDesk60mBps,markoutControl5mBps,markoutControl15mBps,markoutControl60mBps
1760130000,1210000,1209950,1210150,1210050,1210000,1207530,1212571,0,0,0,0,0,0,4000000000,5000000000000,4000000000,4999800000000,0,0,0,0,0,200,0,0,0,0,0,0
1760130060,1208000,1207000,1208200,1207600,1208000,1204586,1210617,0,3,0,0,0,0,4000000000,5000000000000,4000000000,4999500000000,-8,-8,0,0,0,300,0,0,0,0,0,0
1760130120,1194000,1186000,1192000,1189000,1194000,1187779,1194384,1,41,42000000,0,42000000,0,4035360113,4958000000000,4007082630,4989200000000,-64,-67,42000,8400,0,1900,-545,0,0,-531,0,0
1760130180,1162000,1143000,1155000,1149000,1162000,1144714,1157310,1,111,190000000,0,190000000,0,4201340436,4768000000000,4040328474,4940700000000,-193,-207,190000,38000,0,10500,-119,0,0,-104,0,0
1760130240,1105000,1072000,1092000,1082000,1105000,1073608,1094184,1,208,480000000,3000000,480000000,3000000,4648430994,4288000000000,4129880712,4816700000000,-422,-467,480000,96600,0,28000,0,0,0,0,0,0
1760130300,1078000,1051000,1071000,1061000,1078000,1052576,1073142,1,157,310000000,9000000,310000000,9000000,4942946544,3978000000000,4188872148,4734700000000,-542,-599,310000,63800,0,20000,0,0,0,0,0,0
1760130360,1099000,1089000,1099000,1094000,1099000,1090633,1101198,1,45,40000000,55000000,40000000,55000000,4979622492,3938000000000,4196218337,4717700000000,-436,-518,40000,19000,0,9000,0,0,0,0,0,0
1760130420,1123000,1125000,1129000,1127000,1123000,1122750,1127307,2,-35,0,88000000,0,88000000,4901560350,4025999999111,4180629321,4729299999064,-314,-422,88000,17600,0,6000,0,0,0,0,0,0
1760130480,1131000,1130800,1131600,1131200,1131000,1128538,1133864,0,-1,0,0,0,0,4901560350,4025999999111,4180629321,4727799999064,-274,-390,0,0,0,1500,0,0,0,0,0,0
